<?xml version="1.0" encoding="UTF-8"?>
<beans xmlns="http://www.springframework.org/schema/beans"
        xmlns:xsi="http://www.w3.org/2001/XMLSchema-instance" xmlns:context="http://www.springframework.org/schema/context"
        xmlns:tx="http://www.springframework.org/schema/tx"
        xsi:schemaLocation="
          http://www.springframework.org/schema/beans
          http://www.springframework.org/schema/beans/spring-beans.xsd
          http://www.springframework.org/schema/context
          http://www.springframework.org/schema/context/spring-context.xsd
          http://www.springframework.org/schema/tx
          http://www.springframework.org/schema/tx/spring-tx.xsd">  
    	<context:component-scan base-package="com.lti" />
        <context:annotation-config />
        <tx:annotation-driven />
        
        <bean id="entityManagerFactory"
              class="org.springframework.orm.jpa.LocalContainerEntityManagerFactoryBean">
              <property name="persistenceUnitName" value="MyDB" />
              <property name="dataSource" ref="dataSource" />
              <property name="jpaVendorAdapter">
        <bean class="org.springframework.orm.jpa.vendor.HibernateJpaVendorAdapter" />
              </property>
        </bean>
        
        <bean id = "dataSource" class = "org.springframework.jdbc.datasource.DriverManagerDataSource">
  		 <property name = "driverClassName" value = "oracle.jdbc.driver.OracleDriver"/>
  		 <property name = "url" value = "jdbc:oracle:thin:@localhost:1521:xe"/>
  		 <property name = "username" value = "hr"/>
   		<property name = "password" value = "hr"/>
		</bean>
        <bean id="transactionManager" class="org.springframework.orm.jpa.JpaTransactionManager">
              <property name="entityManagerFactory" ref="entityManagerFactory" />
        </bean>
  </beans>