<?xml version="1.0" encoding="UTF-8"?>
<beans xmlns="http://www.springframework.org/schema/beans"
    xmlns:xsi="http://www.w3.org/2001/XMLSchema-instance"
    xmlns:context="http://www.springframework.org/schema/context"
    xsi:schemaLocation="http://www.springframework.org/schema/beans
    http://www.springframework.org/schema/beans/spring-beans-4.3.xsd 
    http://www.springframework.org/schema/context
    http://www.springframework.org/schema/context/spring-context-4.3.xsd">
   
    
   <bean id = "dataSource" class = "org.springframework.jdbc.datasource.DriverManagerDataSource">
   <property name = "driverClassName" value = "oracle.jdbc.driver.OracleDriver"/>
   <property name = "url" value = "jdbc:oracle:thin:@localhost:1521:xe"/>
   <property name = "username" value = "hr"/>
   <property name = "password" value = "hr"/>
	</bean>
    
    <bean id = "mydao" class = "com.lti.dao.MobileDAO">
      <property name = "dataSource" ref = "dataSource" />    
    </bean>
    
</beans>

